# Proxy redirects
/dynamic/* https://dkrldao3ic.execute-api.us-east-1.amazonaws.com/dev/posts/:splat 200
/api/framework/track https://4okc0gmyx4.execute-api.us-west-2.amazonaws.com/prod/api/framework/sls-events 200
/api/framework/identify https://3dq75n244i.execute-api.us-west-2.amazonaws.com/prod/identify 200
# Simple 301 redirects from one path to another
/hiring https://jobs.lever.co/serverless 301
/docs /framework/docs/ 301
/framework/docs/guide/README.md /framework/docs/guide/#advanced-guides 301
/docs /framework/docs/ 301
/framework/docs/docs/commands-overview /framework/docs/providers/aws/ 301
/framework/docs/docs/backstory /framework/ 301
/framework/docs/docs/installing-serverless /framework/docs/getting-started/ 301
/framework/docs/guide/ /framework/docs/providers/aws/guide/ 301
/framework/docs/guide/installing-serverless/ /framework/docs/providers/aws/guide/installation 301
/framework/docs/guide/creating-services/ /framework/docs/providers/aws/guide/services 301
/framework/docs/guide/deploying-services/ /framework/docs/providers/aws/guide/deploying 301
/framework/docs/guide/environment-variable-handling/ /framework/docs/providers/aws/guide/packaging 301
/framework/docs/guide/event-sources/ /framework/docs/providers/aws/guide/events 301
/framework/docs/guide/installing-plugins/ /framework/docs/providers/aws/guide/plugins 301
/framework/docs/guide/custom-provider-resources/ /framework/docs/providers/aws/guide/resources 301
/framework/docs/guide/invoking-functions/ /framework/docs/providers/aws/guide/functions 301
/framework/docs/guide/packaging/ /framework/docs/providers/aws/guide/packaging 301
/framework/docs/guide/removing-services/ /framework/docs/providers/aws/guide/services 301
/framework/docs/guide/serverless-variables/ /framework/docs/providers/aws/guide/variables 301
/framework/docs/guide/serverless-yml-reference/ /framework/docs/ 301
/framework/docs/extending-serverless/ /framework/docs/providers/aws/guide/plugins 301
/framework/docs/extending-serverless/creating-provider-plugins /framework/docs/providers/aws/guide/plugins 301
/framework/docs/framework-statistics/ /framework/docs/providers/aws/cli-reference/slstats/ 301
/framework/docs/v0-v1-comparison/ /framework/docs/providers/aws/guide/v0_to_v1/ 301
/framework/docs/cli-reference/ /framework/docs/providers/aws/cli-reference/ 301
/framework/docs/cli-reference/create/ /framework/docs/providers/aws/cli-reference/create 301
/framework/docs/cli-reference/install/ /framework/docs/providers/aws/cli-reference/install 301
/framework/docs/cli-reference/deploy/ /framework/docs/providers/aws/cli-reference/deploy 301
/framework/docs/cli-reference/invoke/ /framework/docs/providers/aws/cli-reference/invoke 301
/framework/docs/cli-reference/logs/ /framework/docs/providers/aws/cli-reference/logs 301
/framework/docs/cli-reference/info/ /framework/docs/providers/aws/cli-reference/info 301
/framework/docs/cli-reference/remove/ /framework/docs/providers/aws/cli-reference/remove 301
/framework/docs/cli-reference/slstats/ /framework/docs/providers/aws/cli-reference/slstats 301
/framework/docs/providers/aws/setup/ /framework/docs/providers/aws/guide/credentials 301
/framework/docs/aws/ /framework/docs/providers/aws 301
/platform/docs/ /framework/docs/platform 302
/jobs/ /company/jobs/ 301
/framework/docs/docs/workflow /framework/docs/providers/aws/guide/workflow/ 301
/blog/challenge-accepted-building-a-better-australian-census-site-with-serverless-architecture/ /blog/building-a-better-australian-census-site/ 301
/slack https://join.slack.com/t/serverless-contrib/shared_invite/enQtNDI4MjM3MTIwMTgzLTA3MDc1YzFmMTRhZGUwOTc5MThjODNhY2MyZWZmZjZkYzI5ODAxMzMxYmRkZDVlZTJjNzQxOGYxODY5MjQyYzY 301
/community /resources/overview/ 301
/community/meetups /resources/events/ 301
/resources/meetups /resources/events/ 301
/community/champions /company/champions/ 301
/learn/overview/ /learn/ 301
/company/team/ /company/overview/ 301
/learn/event-gateway/ /event-gateway/ 301
/learn/quick-start/ /framework/docs/getting-started/ 301
/blog/how-went-from-chef-to-serverless-developer-in-4-years/ /blog/from-chef-to-serverless-developer-in-4-years/ 301
/blog/page/1 /blog/ 301
/blog/serverless-framework-best-microservices-api-awards/ /blog/serverless-framework-wins-best-microservices-api-awards/ 301
/framework/docs/providers/azure/guide/quickstart/ /framework/docs/providers/azure/guide/quick-start/ 301
/framework/docs/platform/commands/run/ /framework/docs/platform/commands/ 301
/framework/docs/platform/commands/emit/ /framework/docs/platform/commands/ 301
/getting-started/ /framework/docs/getting-started/ 301 
/framework/docs/providers/aws/vpc/ /framework/docs/providers/aws/guide/functions/ 301
/framework/status/ /framework/ 301
/developers/guides/dynamodb/ /dynamodb/ 301
/category/guides-and-tutorials/ /blog/category/guides-and-tutorials/ 301
/category/user-stories/ /blog/category/user-stories/ 301
/category/operations-and-observability/ /blog/category/operations-and-observability/ 301
/category/engineering-culture/ /blog/category/engineering-culture/ 301
/category/news/ /blog/category/news/ 301
/platform/ /enterprise/ 301
/resources/overview/ /learn/ 301
/learn/case-study/ /learn/case-studies/ 301
/blog/deploy_hybrid_serverless_cluster_workflows/ /blog/deploy-hybrid-serverless-cluster-workflows/ 301
/workshops /training/ 301
/resources/workshops/ /training/ 301
/workshops/san-francisco/ /training/ 301
/workshops/seattle/ /training/ 301
/workshops/new-york/ /training/ 301
/workshops/atlanta/ /training/ 301
/workshops/london/ /training/ 301
/acceleration /support/ 301
/tech-partners /partners/ 301
/framework/ /cli/ 301
/enterprise/contact /enterprise/ 301
/blog/python-dashboard-support/ /blog/aws-lambda-python-monitoring/ 301
/learn/graphql-and-serverless/ /blog/running-scalable-reliable-graphql-endpoint-with-serverless/ 301
/resources/events/ /training/ 301
/learn/full-stack-application-development-on-aws/ /learn/courses/full-stack-application-development-on-aws/ 301
/stack / 302
/blog/recap-serverless-announcements-reinvent/ /blog/reinvent-2019-serverless-announcements/ 301
/blog/serverless-guide-aws-reinvent-2017/ /blog/reinvent-2019-serverless-announcements/ 301
/blog/reinvent-2018-serverless-announcements/ /blog/reinvent-2019-serverless-announcements/ 301
/blog/ultimate-list-serverless-announcements-reinvent/ /blog/reinvent-2019-serverless-announcements/ 301
/reinvent/ /contact-sales/ 301
/  /cn/   302  Country=cn